Description,Poids
155 g,155
250 g,250
500 g,500
500 g,500
1 kg,1000
0.5 kg,500
250 g,250
0.5 kg,500
500 g,500
1000 g,1000
250 g,250
0.5 kg,500
0.5 kg,500
500 g,500
250 g,250
500 g,500
250 g,250
500 g,500
500 g,500
500 g,500
0.5 kg,500
500 g,500
250 g,250
500 g,500
250 g,250
500 g,500
500 g,500
0.49 kg,490
500 g,500
500 g,500
250 g,250
500 g,500
400 g,400
500 g,500
250 g,250
250 g,250
0.5 kg,500
0.5 kg,500
500 g,500
500 g,500
0.5 kg,500
500 g,500
250 g,250
250 g,250
0.5 kg,500
250 g,250
0.5 kg,500
500 g,500
500 g,500
500 g,500
500 g,500
500 g,500
1.5 kg,1500
300 g,300
750 g,750
600 g,600
2 kg,2000
0.75 kg,750
450 g,450
0.25 kg,250
900 g,900
1.2 kg,1200
400 g,400
0.8 kg,800
0.7 kg,700
550 g,550
350 g,350
650 g,650
850 g,850
700 g,700
950 g,950
550 g,550
700 g,700
0.35 kg,350
950 g,950
0.65 kg,650
700 g,700
750 g,750
850 g,850
750 g,750
750 g,750
950 g,950
700 g,700
1.5 kg,1500
650 g,650
950 g,950
1.2 kg,1200
0.55 kg,550
0.95 kg,950
0.85 kg,850
0.85 kg,850
0.95 kg,950
550 g,550
750 g,750
600 g,600
300 g,300
0.75 kg,750
800 g,800
0.25 kg,250
0.9 kg,900
0.6 kg,600
0.4 kg,400
0.8 kg,800
1.2 kg,1200
0.7 kg,700
0.35 kg,350
950 g,950
0.65 kg,650
0.35 kg,350
0.65 kg,650
750 g,750
850 g,850
700 g,700
950 g,950
700 g,700
1.5 kg,1500
650 g,650
950 g,950
1.2 kg,1200
0.55 kg,550
0.95 kg,950
0.85 kg,850
0.85 kg,850
0.95 kg,950
550 g,550
750 g,750
600 g,600
300 g,300
0.75 kg,750
800 g,800
0.25 kg,250
0.9 kg,900
0.6 kg,600
0.4 kg,400
0.8 kg,800
1.2 kg,1200
0.7 kg,700
0.35 kg,350
950 g,950
0.65 kg,650
0.35 kg,350
0.65 kg,650
750 g,750
850 g,850
700 g,700
950 g,950
700 g,700
1.5 kg,1500
650 g,650
950 g,950
1.2 kg,1200
0.55 kg,550
0.95 kg,950
0.85 kg,850
0.85 kg,850
0.95 kg,950
550 g,550
750 g,750
600 g,600
300 g,300
0.75 kg,750
800 g,800
0.25 kg,250
0.9 kg,900
0.6 kg,600
0.4 kg,400
0.8 kg,800
1.2 kg,1200
0.7 kg,700
0.35 kg,350
950 g,950
0.65 kg,650
0.35 kg,350
0.65 kg,650
750 g,750
850 g,850
700 g,700
950 g,950
700 g,700
1.5 kg,1500
650 g,650
950 g,950
1.2 kg,1200
0.55 kg,550
0.95 kg,950
0.85 kg,850
0.85 kg,850
0.95 kg,950
550 g,550
750 g,750
600 g,600
300 g,300
0.75 kg,750
800 g,800
0.25 kg,250
0.9 kg,900
0.6 kg,600
0.4 kg,400
0.8 kg,800
1.2 kg,1200
0.7 kg,700
0.35 kg,350
950 g,950
0.65 kg,650
0.35 kg,350
0.65 kg,650
750 g,750
850 g,850
700 g,700
950 g,950
700 g,700
1.5 kg,1500
650 g,650
950 g,950
1.2 kg,1200
0.55 kg,550
0.95 kg,950
0.85 kg,850
0.85 kg,850
0.95 kg,950
550 g,550
750 g,750
600 g,600
300 g,300
0.75 kg,750
800 g,800
0.25 kg,250
0.9 kg,900
0.6 kg,600
0.4 kg,400
0.8 kg,800
1.2 kg,1200
0.7 kg,700
0.35 kg,350
950 g,950
0.65 kg,650
0.35 kg,350
0.65 kg,650
750 g,750
850 g,850
700 g,700
950 g,950
700 g,700
1.5 kg,1500
650 g,650
950 g,950
1.2 kg,1200
0.55 kg,550
